"","MDS1","MDS2"
"Isopods.Weight_g",0.806670894157686,-0.184148502835897
"Amphipods.Weight_g",-0.0517477326136307,0.574825704366355
"Bivalves.Weight_g",2.08537082831549,-0.230088450451722
"Oligochaets.Weight_g",-4.18201812657859,0.529446223530604
"Chironomid.Weight_g",1.42255442410137,1.43736493374564
"Mysid.Weight_g",0.828360439625744,-0.346802837215586
"Nematodes.Weight_g",5.28732193045797,0.191102692102576
