"Number of Axes","Stress"
2,0.0887424634208219
3,0.0654153398623675
