"Number of Axes","Stress"
2,0.0907596163686841
3,0.0670634437421882
